finding,feature_set,macro_f1_mean,macro_f1_std,balanced_accuracy_mean,balanced_accuracy_std,num_seeds,current_macro_f1_mean,current_balanced_accuracy_mean,delta_macro_f1_vs_current,delta_balanced_accuracy_vs_current,wins_vs_current,num_seed_comparisons
atelectasis,abs_delta,0.18963672742368914,0.0406791448802151,0.2251152575729451,0.05689117603963979,5,0.2176234264205085,0.28021159266889406,-0.027986698996819354,-0.05509633509594897,3,5
atelectasis,current,0.2176234264205085,0.044406416410740834,0.28021159266889406,0.0635696592658796,5,0.2176234264205085,0.28021159266889406,0.0,0.0,0,5
atelectasis,current_delta,0.24948637875794075,0.031105175660875825,0.34425262417768077,0.06686299947986839,5,0.2176234264205085,0.28021159266889406,0.03186295233743225,0.0640410315087867,4,5
atelectasis,delta,0.1815261125685345,0.04632827857221375,0.2635920911616309,0.11139774536916772,5,0.2176234264205085,0.28021159266889406,-0.03609731385197401,-0.016619501507263157,1,5
atelectasis,full,0.2564361202841229,0.024273455480948933,0.34625504114032035,0.07245923429331425,5,0.2176234264205085,0.28021159266889406,0.038812693863614384,0.06604344847142629,5,5
atelectasis,prior_current,0.23801691872303193,0.031623075432142954,0.3127218148333042,0.06882157858649021,5,0.2176234264205085,0.28021159266889406,0.020393492302523436,0.03251022216441013,4,5
atelectasis,prior_current_delta,0.2600605112456903,0.03068848699111668,0.36085401954056534,0.07232465596282871,5,0.2176234264205085,0.28021159266889406,0.0424370848251818,0.08064242687167128,5,5
cardiomegaly,abs_delta,0.2147541212065775,0.031186453929381568,0.33631389451659494,0.12615651314872614,5,0.25048010746626603,0.4460748850889239,-0.035725986259688536,-0.10976099057232896,2,5
cardiomegaly,current,0.25048010746626603,0.04656537168814692,0.4460748850889239,0.27169839938828777,5,0.25048010746626603,0.4460748850889239,0.0,0.0,0,5
cardiomegaly,current_delta,0.2791743821145017,0.036452221381922105,0.5571035991997458,0.21526234749580017,5,0.25048010746626603,0.4460748850889239,0.02869427464823565,0.11102871411082194,5,5
cardiomegaly,delta,0.1773752849410279,0.011731088010649569,0.4462765780502778,0.11956377516278728,5,0.25048010746626603,0.4460748850889239,-0.07310482252523814,0.00020169296135391646,0,5
cardiomegaly,full,0.3009065950509308,0.023364526342355335,0.5731182814216123,0.13157838681425313,5,0.25048010746626603,0.4460748850889239,0.05042648758466478,0.12704339633268835,5,5
cardiomegaly,prior_current,0.2824530770973354,0.04363473029221287,0.5109559751485604,0.16828770840980062,5,0.25048010746626603,0.4460748850889239,0.03197296963106938,0.06488109005963649,4,5
cardiomegaly,prior_current_delta,0.28662456334058417,0.04448603918082801,0.5624981118480379,0.23414888734779235,5,0.25048010746626603,0.4460748850889239,0.03614445587431814,0.11642322675911398,4,5
consolidation,abs_delta,0.24456926552426075,0.01110410824868242,0.2933985525020834,0.03424046889543413,5,0.2815189345795596,0.3652901759917218,-0.03694966905529887,-0.0718916234896384,1,5
consolidation,current,0.2815189345795596,0.051165240672323566,0.3652901759917218,0.13453817392302128,5,0.2815189345795596,0.3652901759917218,0.0,0.0,0,5
consolidation,current_delta,0.29504026023450347,0.01485110711152145,0.3703478460614119,0.02885912404294088,5,0.2815189345795596,0.3652901759917218,0.01352132565494385,0.005057670069690101,3,5
consolidation,delta,0.2027065632800201,0.021018854999465725,0.2722936415534502,0.014986290304875362,5,0.2815189345795596,0.3652901759917218,-0.07881237129953952,-0.0929965344382716,1,5
consolidation,full,0.3000410371205834,0.02716868644912685,0.35543614526466943,0.05269735363416716,5,0.2815189345795596,0.3652901759917218,0.018522102541023766,-0.009854030727052376,3,5
consolidation,prior_current,0.28722599859310016,0.04451726042220253,0.35120305536839924,0.08600293487012586,5,0.2815189345795596,0.3652901759917218,0.0057070640135405415,-0.014087120623322569,3,5
consolidation,prior_current_delta,0.2841385934481868,0.02976396455430066,0.3245167125230716,0.0575008575103244,5,0.2815189345795596,0.3652901759917218,0.002619658868627195,-0.040773463468650184,2,5
edema,abs_delta,0.2286159052956703,0.022072829136044476,0.25497072439545165,0.06828985886019441,5,0.24258885639203723,0.358939279581942,-0.013972951096366926,-0.10396855518649034,3,5
edema,current,0.24258885639203723,0.035758671037252436,0.358939279581942,0.15868050818013368,5,0.24258885639203723,0.358939279581942,0.0,0.0,0,5
edema,current_delta,0.2580978785376126,0.05848484811659602,0.36188160791206075,0.19504546041124732,5,0.24258885639203723,0.358939279581942,0.015509022145575396,0.0029423283301187597,3,5
edema,delta,0.2053853348648941,0.0445373988469491,0.2696424764093127,0.13736210386321251,5,0.24258885639203723,0.358939279581942,-0.037203521527143124,-0.08929680317262928,1,5
edema,full,0.25082970666916304,0.03100539129091758,0.31749295797516563,0.09683731046003036,5,0.24258885639203723,0.358939279581942,0.008240850277125816,-0.04144632160677636,3,5
edema,prior_current,0.26287864674772277,0.039405898956458095,0.4060355972795926,0.14386578595926536,5,0.24258885639203723,0.358939279581942,0.02028979035568554,0.0470963176976506,4,5
edema,prior_current_delta,0.25239922369128126,0.05056096545732307,0.33481125711372023,0.1675850223554842,5,0.24258885639203723,0.358939279581942,0.009810367299244033,-0.024128022468221766,3,5
pleural_effusion,abs_delta,0.21677616296279512,0.03185742343206564,0.2248815893869976,0.04071791826731041,5,0.32054595323243357,0.3764068990315884,-0.10376979026963845,-0.15152530964459082,0,5
pleural_effusion,current,0.32054595323243357,0.04315012536656898,0.3764068990315884,0.057897772162504,5,0.32054595323243357,0.3764068990315884,0.0,0.0,0,5
pleural_effusion,current_delta,0.3355764023269929,0.01995171448302412,0.3853287826305792,0.051849132340713464,5,0.32054595323243357,0.3764068990315884,0.015030449094559306,0.008921883598990765,3,5
pleural_effusion,delta,0.17784861465612495,0.017733954933178506,0.27876386990706054,0.053347288333509824,5,0.32054595323243357,0.3764068990315884,-0.14269733857630862,-0.09764302912452788,0,5
pleural_effusion,full,0.3297916259348831,0.015529738962740238,0.3734847260789773,0.03548913506109112,5,0.32054595323243357,0.3764068990315884,0.009245672702449526,-0.0029221729526111018,2,5
pleural_effusion,prior_current,0.3335663091703241,0.03470378149566852,0.3812471768080516,0.06443813303668491,5,0.32054595323243357,0.3764068990315884,0.013020355937890526,0.0048402777764631755,3,5
pleural_effusion,prior_current_delta,0.33824002338947745,0.02701609529874711,0.39149802098210407,0.04836977704929561,5,0.32054595323243357,0.3764068990315884,0.017694070157043884,0.015091121950515651,2,5
pneumonia,abs_delta,0.26019940423007837,0.03345923680977448,0.43212968962638476,0.17471838524078379,5,0.24717798220033652,0.5483555956569244,0.013021422029741853,-0.11622590603053962,3,5
pneumonia,current,0.24717798220033652,0.02387351279140965,0.5483555956569244,0.13725403239976142,5,0.24717798220033652,0.5483555956569244,0.0,0.0,0,5
pneumonia,current_delta,0.26284146818941256,0.014655894025339856,0.4744620431401188,0.1350449569221838,5,0.24717798220033652,0.5483555956569244,0.015663485989076048,-0.07389355251680557,4,5
pneumonia,delta,0.22661024389515871,0.009096664773343857,0.41907470584904505,0.08149381139435186,5,0.24717798220033652,0.5483555956569244,-0.020567738305177802,-0.12928088980787933,1,5
pneumonia,full,0.25157552402866984,0.01839576980858389,0.39747074920633346,0.1228893056279316,5,0.24717798220033652,0.5483555956569244,0.004397541828333323,-0.15088484645059091,2,5
pneumonia,prior_current,0.24619138583258365,0.01645212459835398,0.4540888676665191,0.19637638925473141,5,0.24717798220033652,0.5483555956569244,-0.0009865963677528622,-0.09426672799040525,3,5
pneumonia,prior_current_delta,0.26832946154046505,0.02300847197924225,0.46004391689206275,0.1395758712129781,5,0.24717798220033652,0.5483555956569244,0.021151479340128537,-0.08831167876486162,4,5
pneumothorax,abs_delta,0.19703515843019867,0.022647885544337592,0.2202170824768496,0.057079664752479976,5,0.2610316617432312,0.34571128261825623,-0.06399650331303255,-0.12549420014140664,0,5
pneumothorax,current,0.2610316617432312,0.03142580481157336,0.34571128261825623,0.07853942915560527,5,0.2610316617432312,0.34571128261825623,0.0,0.0,0,5
pneumothorax,current_delta,0.2968602211704039,0.048789832259610526,0.4183920213373374,0.08149468995516052,5,0.2610316617432312,0.34571128261825623,0.03582855942717267,0.07268073871908115,5,5
pneumothorax,delta,0.1941985665905363,0.02144377224723145,0.29781667524395694,0.0558108399371786,5,0.2610316617432312,0.34571128261825623,-0.06683309515269492,-0.04789460737429929,0,5
pneumothorax,full,0.321799117245973,0.05448830682206766,0.42829125092629566,0.09750905934586838,5,0.2610316617432312,0.34571128261825623,0.06076745550274176,0.08257996830803943,5,5
pneumothorax,prior_current,0.3091875338117759,0.04765692845847234,0.4168484245776118,0.0771186038796516,5,0.2610316617432312,0.34571128261825623,0.04815587206854466,0.07113714195935555,5,5
pneumothorax,prior_current_delta,0.3099418775463102,0.0438220190256979,0.4206533128546587,0.07785917894303393,5,0.2610316617432312,0.34571128261825623,0.04891021580307897,0.07494203023640245,5,5
