seed,policy,threshold,coverage,abstention_rate,selective_accuracy,selective_macro_f1,error_rate_on_covered,review_rate,absent_recall,new_recall,persistent_recall,resolved_recall
11,strict,0.55,0.6682027649769585,0.3317972350230415,0.8620689655172413,0.2340823970037453,0.13793103448275867,0.3317972350230415,1.0,0.0,0.0,0.0
11,strict,0.6,0.663594470046083,0.33640552995391704,0.8611111111111112,0.2339622641509434,0.13888888888888884,0.33640552995391704,1.0,0.0,0.0,0.0
11,strict,0.65,0.6543778801843319,0.3456221198156682,0.8591549295774648,0.23371647509578544,0.14084507042253525,0.3456221198156682,1.0,0.0,0.0,0.0
11,strict,0.7,0.6359447004608295,0.3640552995391705,0.8623188405797102,0.234251968503937,0.1376811594202898,0.3640552995391705,1.0,0.0,0.0,0.0
11,strict,0.75,0.6175115207373272,0.3824884792626728,0.8731343283582089,0.23588709677419356,0.12686567164179108,0.3824884792626728,1.0,0.0,0.0,0.0
11,strict,0.8,0.5898617511520737,0.41013824884792627,0.90625,0.2396694214876033,0.09375,0.41013824884792627,1.0,0.0,0.0,0.0
11,confidence_margin,0.55,0.967741935483871,0.03225806451612903,0.7714285714285715,0.31449565695202175,0.22857142857142854,0.3317972350230415,0.9349112426035503,0.1,0.09090909090909091,0.1
11,confidence_margin,0.6,0.9539170506912442,0.04608294930875576,0.7729468599033816,0.28035330261136715,0.22705314009661837,0.33640552995391704,0.9401197604790419,0.1,0.0,0.1
11,confidence_margin,0.65,0.9400921658986175,0.059907834101382486,0.7696078431372549,0.27990479762797843,0.23039215686274506,0.3456221198156682,0.9390243902439024,0.1,0.0,0.1
11,confidence_margin,0.7,0.9170506912442397,0.08294930875576037,0.7738693467336684,0.2830357142857143,0.22613065326633164,0.3640552995391705,0.94375,0.1,0.0,0.10526315789473684
11,confidence_margin,0.75,0.8894009216589862,0.11059907834101383,0.7772020725388601,0.2698405253283302,0.2227979274611399,0.3824884792626728,0.9426751592356688,0.1,0.0,0.0625
11,confidence_margin,0.8,0.8433179723502304,0.15668202764976957,0.8087431693989071,0.28461927223719674,0.1912568306010929,0.41013824884792627,0.948051948051948,0.125,0.0,0.08333333333333333
11,change_sensitive,0.55,0.783410138248848,0.21658986175115208,0.7588235294117647,0.3224206349206349,0.24117647058823533,0.3317972350230415,0.9057971014492754,0.16666666666666666,0.1,0.125
11,change_sensitive,0.6,0.7788018433179723,0.22119815668202766,0.757396449704142,0.32222793194016214,0.242603550295858,0.33640552995391704,0.9051094890510949,0.16666666666666666,0.1,0.125
11,change_sensitive,0.65,0.7695852534562212,0.2304147465437788,0.7544910179640718,0.32183408643262656,0.2455089820359282,0.3456221198156682,0.9037037037037037,0.16666666666666666,0.1,0.125
11,change_sensitive,0.7,0.7511520737327189,0.2488479262672811,0.754601226993865,0.32337554247666606,0.245398773006135,0.3640552995391705,0.9015151515151515,0.16666666666666666,0.1,0.13333333333333333
11,change_sensitive,0.75,0.7327188940092166,0.2672811059907834,0.7610062893081762,0.32762999452654623,0.23899371069182385,0.3824884792626728,0.9,0.16666666666666666,0.1,0.15384615384615385
11,change_sensitive,0.8,0.7096774193548387,0.2903225806451613,0.7792207792207793,0.3378935269760077,0.22077922077922074,0.41013824884792627,0.8992248062015504,0.25,0.1,0.18181818181818182
11,low_confidence_only,0.55,0.967741935483871,0.03225806451612903,0.7714285714285715,0.31449565695202175,0.22857142857142854,0.3317972350230415,0.9349112426035503,0.1,0.09090909090909091,0.1
11,low_confidence_only,0.6,0.9539170506912442,0.04608294930875576,0.7729468599033816,0.28035330261136715,0.22705314009661837,0.33640552995391704,0.9401197604790419,0.1,0.0,0.1
11,low_confidence_only,0.65,0.9400921658986175,0.059907834101382486,0.7696078431372549,0.27990479762797843,0.23039215686274506,0.3456221198156682,0.9390243902439024,0.1,0.0,0.1
11,low_confidence_only,0.7,0.9170506912442397,0.08294930875576037,0.7738693467336684,0.2830357142857143,0.22613065326633164,0.3640552995391705,0.94375,0.1,0.0,0.10526315789473684
11,low_confidence_only,0.75,0.8894009216589862,0.11059907834101383,0.7772020725388601,0.2698405253283302,0.2227979274611399,0.3824884792626728,0.9426751592356688,0.1,0.0,0.0625
11,low_confidence_only,0.8,0.8433179723502304,0.15668202764976957,0.8087431693989071,0.28461927223719674,0.1912568306010929,0.41013824884792627,0.948051948051948,0.125,0.0,0.08333333333333333
21,strict,0.55,0.719047619047619,0.28095238095238095,0.8874172185430463,0.31989247311827956,0.11258278145695366,0.28095238095238095,1.0,0.25,0.0,0.0
21,strict,0.6,0.7142857142857143,0.2857142857142857,0.8866666666666667,0.31979542719614923,0.11333333333333329,0.2857142857142857,1.0,0.25,0.0,0.0
21,strict,0.65,0.7142857142857143,0.2857142857142857,0.8866666666666667,0.31979542719614923,0.11333333333333329,0.2857142857142857,1.0,0.25,0.0,0.0
21,strict,0.7,0.7142857142857143,0.2857142857142857,0.8866666666666667,0.31979542719614923,0.11333333333333329,0.2857142857142857,1.0,0.25,0.0,0.0
21,strict,0.75,0.6904761904761905,0.30952380952380953,0.8896551724137931,0.3278493894165536,0.1103448275862069,0.30952380952380953,1.0,0.2857142857142857,0.0,0.0
21,strict,0.8,0.680952380952381,0.319047619047619,0.8951048951048951,0.32864493996569466,0.1048951048951049,0.319047619047619,1.0,0.2857142857142857,0.0,0.0
21,confidence_margin,0.55,0.9476190476190476,0.05238095238095238,0.7638190954773869,0.35791666666666666,0.2361809045226131,0.28095238095238095,0.9012345679012346,0.13333333333333333,0.14285714285714285,0.2
21,confidence_margin,0.6,0.9285714285714286,0.07142857142857142,0.764102564102564,0.3427293323787013,0.23589743589743595,0.2857142857142857,0.9056603773584906,0.13333333333333333,0.14285714285714285,0.14285714285714285
21,confidence_margin,0.65,0.919047619047619,0.08095238095238096,0.772020725388601,0.3463257816630666,0.227979274611399,0.2857142857142857,0.9171974522292994,0.13333333333333333,0.14285714285714285,0.14285714285714285
21,confidence_margin,0.7,0.9047619047619048,0.09523809523809523,0.7789473684210526,0.3540752351097179,0.2210526315789474,0.2857142857142857,0.9285714285714286,0.13333333333333333,0.14285714285714285,0.14285714285714285
21,confidence_margin,0.75,0.8761904761904762,0.12380952380952381,0.782608695652174,0.3630824372759856,0.21739130434782605,0.30952380952380953,0.9266666666666666,0.14285714285714285,0.16666666666666666,0.14285714285714285
21,confidence_margin,0.8,0.8380952380952381,0.1619047619047619,0.7954545454545454,0.3185452002098269,0.20454545454545459,0.319047619047619,0.9379310344827586,0.14285714285714285,0.0,0.16666666666666666
21,change_sensitive,0.55,0.8857142857142857,0.11428571428571428,0.7473118279569892,0.36573374945467974,0.25268817204301075,0.28095238095238095,0.8571428571428571,0.25,0.14285714285714285,0.23076923076923078
21,change_sensitive,0.6,0.8809523809523809,0.11904761904761904,0.745945945945946,0.36552819161514816,0.254054054054054,0.2857142857142857,0.8562091503267973,0.25,0.14285714285714285,0.23076923076923078
21,change_sensitive,0.65,0.8809523809523809,0.11904761904761904,0.745945945945946,0.36552819161514816,0.254054054054054,0.2857142857142857,0.8562091503267973,0.25,0.14285714285714285,0.23076923076923078
21,change_sensitive,0.7,0.8809523809523809,0.11904761904761904,0.745945945945946,0.36552819161514816,0.254054054054054,0.2857142857142857,0.8562091503267973,0.25,0.14285714285714285,0.23076923076923078
21,change_sensitive,0.75,0.8571428571428571,0.14285714285714285,0.7444444444444445,0.36685061825148035,0.25555555555555554,0.30952380952380953,0.8523489932885906,0.2727272727272727,0.14285714285714285,0.23076923076923078
21,change_sensitive,0.8,0.8476190476190476,0.1523809523809524,0.7471910112359551,0.36953404826880437,0.2528089887640449,0.319047619047619,0.8513513513513513,0.2727272727272727,0.14285714285714285,0.25
21,low_confidence_only,0.55,0.9476190476190476,0.05238095238095238,0.7638190954773869,0.35791666666666666,0.2361809045226131,0.28095238095238095,0.9012345679012346,0.13333333333333333,0.14285714285714285,0.2
21,low_confidence_only,0.6,0.9285714285714286,0.07142857142857142,0.764102564102564,0.3427293323787013,0.23589743589743595,0.2857142857142857,0.9056603773584906,0.13333333333333333,0.14285714285714285,0.14285714285714285
21,low_confidence_only,0.65,0.919047619047619,0.08095238095238096,0.772020725388601,0.3463257816630666,0.227979274611399,0.2857142857142857,0.9171974522292994,0.13333333333333333,0.14285714285714285,0.14285714285714285
21,low_confidence_only,0.7,0.9047619047619048,0.09523809523809523,0.7789473684210526,0.3540752351097179,0.2210526315789474,0.2857142857142857,0.9285714285714286,0.13333333333333333,0.14285714285714285,0.14285714285714285
21,low_confidence_only,0.75,0.8761904761904762,0.12380952380952381,0.782608695652174,0.3630824372759856,0.21739130434782605,0.30952380952380953,0.9266666666666666,0.14285714285714285,0.16666666666666666,0.14285714285714285
21,low_confidence_only,0.8,0.8380952380952381,0.1619047619047619,0.7954545454545454,0.3185452002098269,0.20454545454545459,0.319047619047619,0.9379310344827586,0.14285714285714285,0.0,0.16666666666666666
42,strict,0.55,0.6912442396313364,0.3087557603686636,0.86,0.23118279569892472,0.14,0.3087557603686636,0.9847328244274809,0.0,0.0,0.0
42,strict,0.6,0.6912442396313364,0.3087557603686636,0.86,0.23118279569892472,0.14,0.3087557603686636,0.9847328244274809,0.0,0.0,0.0
42,strict,0.65,0.6866359447004609,0.31336405529953915,0.8590604026845637,0.23104693140794225,0.14093959731543626,0.31336405529953915,0.9846153846153847,0.0,0.0,0.0
42,strict,0.7,0.6820276497695853,0.31797235023041476,0.8581081081081081,0.2309090909090909,0.14189189189189189,0.31797235023041476,0.9844961240310077,0.0,0.0,0.0
42,strict,0.75,0.6820276497695853,0.31797235023041476,0.8581081081081081,0.2309090909090909,0.14189189189189189,0.31797235023041476,0.9844961240310077,0.0,0.0,0.0
42,strict,0.8,0.6682027649769585,0.3317972350230415,0.8689655172413793,0.23247232472324722,0.13103448275862073,0.3317972350230415,0.984375,0.0,0.0,0.0
42,confidence_margin,0.55,0.9493087557603687,0.05069124423963134,0.7766990291262136,0.3983614441059129,0.22330097087378642,0.3087557603686636,0.9156626506024096,0.1875,0.2,0.21052631578947367
42,confidence_margin,0.6,0.9308755760368663,0.06912442396313365,0.7920792079207921,0.4165529765019561,0.20792079207920788,0.3087557603686636,0.9325153374233128,0.1875,0.2,0.2222222222222222
42,confidence_margin,0.65,0.9124423963133641,0.08755760368663594,0.7929292929292929,0.41137761810838736,0.20707070707070707,0.31336405529953915,0.9375,0.1875,0.2,0.17647058823529413
42,confidence_margin,0.7,0.8940092165898618,0.10599078341013825,0.7989690721649485,0.4195249195249195,0.2010309278350515,0.31797235023041476,0.9426751592356688,0.2,0.2,0.17647058823529413
42,confidence_margin,0.75,0.8755760368663594,0.12442396313364056,0.8,0.3099956386632503,0.19999999999999996,0.31797235023041476,0.9487179487179487,0.2,0.0,0.06666666666666667
42,confidence_margin,0.8,0.8617511520737328,0.1382488479262673,0.8074866310160428,0.31511100687929955,0.1925133689839572,0.3317972350230415,0.9483870967741935,0.2,0.0,0.07692307692307693
42,change_sensitive,0.55,0.8294930875576036,0.17050691244239632,0.7666666666666667,0.4084482070830194,0.23333333333333328,0.3087557603686636,0.8896551724137931,0.21428571428571427,0.25,0.29411764705882354
42,change_sensitive,0.6,0.8294930875576036,0.17050691244239632,0.7666666666666667,0.4084482070830194,0.23333333333333328,0.3087557603686636,0.8896551724137931,0.21428571428571427,0.25,0.29411764705882354
42,change_sensitive,0.65,0.8248847926267281,0.17511520737327188,0.7653631284916201,0.40824295978935154,0.23463687150837986,0.31336405529953915,0.8888888888888888,0.21428571428571427,0.25,0.29411764705882354
42,change_sensitive,0.7,0.8202764976958525,0.17972350230414746,0.7640449438202247,0.4080348717026918,0.2359550561797753,0.31797235023041476,0.8881118881118881,0.21428571428571427,0.25,0.29411764705882354
42,change_sensitive,0.75,0.8202764976958525,0.17972350230414746,0.7640449438202247,0.4080348717026918,0.2359550561797753,0.31797235023041476,0.8881118881118881,0.21428571428571427,0.25,0.29411764705882354
42,change_sensitive,0.8,0.8064516129032258,0.1935483870967742,0.7714285714285715,0.41623245175876755,0.22857142857142854,0.3317972350230415,0.8873239436619719,0.21428571428571427,0.25,0.3333333333333333
42,low_confidence_only,0.55,0.9493087557603687,0.05069124423963134,0.7766990291262136,0.3983614441059129,0.22330097087378642,0.3087557603686636,0.9156626506024096,0.1875,0.2,0.21052631578947367
42,low_confidence_only,0.6,0.9308755760368663,0.06912442396313365,0.7920792079207921,0.4165529765019561,0.20792079207920788,0.3087557603686636,0.9325153374233128,0.1875,0.2,0.2222222222222222
42,low_confidence_only,0.65,0.9124423963133641,0.08755760368663594,0.7929292929292929,0.41137761810838736,0.20707070707070707,0.31336405529953915,0.9375,0.1875,0.2,0.17647058823529413
42,low_confidence_only,0.7,0.8940092165898618,0.10599078341013825,0.7989690721649485,0.4195249195249195,0.2010309278350515,0.31797235023041476,0.9426751592356688,0.2,0.2,0.17647058823529413
42,low_confidence_only,0.75,0.8755760368663594,0.12442396313364056,0.8,0.3099956386632503,0.19999999999999996,0.31797235023041476,0.9487179487179487,0.2,0.0,0.06666666666666667
42,low_confidence_only,0.8,0.8617511520737328,0.1382488479262673,0.8074866310160428,0.31511100687929955,0.1925133689839572,0.3317972350230415,0.9483870967741935,0.2,0.0,0.07692307692307693
84,strict,0.55,0.7767857142857143,0.22321428571428573,0.8620689655172413,0.2737538940809969,0.13793103448275867,0.22321428571428573,0.9802631578947368,0.125,0.0,0.0
84,strict,0.6,0.7678571428571429,0.23214285714285715,0.8604651162790697,0.27352786540483703,0.13953488372093026,0.23214285714285715,0.98,0.125,0.0,0.0
84,strict,0.65,0.7589285714285714,0.24107142857142858,0.8647058823529412,0.2779386218876665,0.1352941176470588,0.24107142857142858,0.9798657718120806,0.14285714285714285,0.0,0.0
84,strict,0.7,0.75,0.25,0.8630952380952381,0.2777126099706745,0.13690476190476186,0.25,0.9795918367346939,0.14285714285714285,0.0,0.0
84,strict,0.75,0.7455357142857143,0.2544642857142857,0.8682634730538922,0.2830097087378641,0.13173652694610782,0.2544642857142857,0.9795918367346939,0.16666666666666666,0.0,0.0
84,strict,0.8,0.7410714285714286,0.25892857142857145,0.8734939759036144,0.2893217893217893,0.12650602409638556,0.25892857142857145,0.9863013698630136,0.16666666666666666,0.0,0.0
84,confidence_margin,0.55,0.9866071428571429,0.013392857142857142,0.7963800904977375,0.3882857142857143,0.2036199095022625,0.22321428571428573,0.9230769230769231,0.3333333333333333,0.09090909090909091,0.15384615384615385
84,confidence_margin,0.6,0.9642857142857143,0.03571428571428571,0.8009259259259259,0.39476918530052046,0.19907407407407407,0.23214285714285715,0.9322033898305084,0.3333333333333333,0.09090909090909091,0.15384615384615385
84,confidence_margin,0.65,0.9464285714285714,0.05357142857142857,0.8066037735849056,0.38479853479853476,0.19339622641509435,0.24107142857142858,0.9318181818181818,0.38461538461538464,0.09090909090909091,0.08333333333333333
84,confidence_margin,0.7,0.9330357142857143,0.06696428571428571,0.8086124401913876,0.3878978032181375,0.19138755980861244,0.25,0.9364161849710982,0.38461538461538464,0.09090909090909091,0.08333333333333333
84,confidence_margin,0.75,0.9241071428571429,0.07589285714285714,0.8115942028985508,0.3925613244433469,0.18840579710144922,0.2544642857142857,0.936046511627907,0.4166666666666667,0.09090909090909091,0.08333333333333333
84,confidence_margin,0.8,0.9196428571428571,0.08035714285714286,0.8155339805825242,0.3977272778252571,0.18446601941747576,0.25892857142857145,0.9415204678362573,0.4166666666666667,0.09090909090909091,0.08333333333333333
84,change_sensitive,0.55,0.8794642857142857,0.12053571428571429,0.7969543147208121,0.4017202676841231,0.20304568527918787,0.22321428571428573,0.9141104294478528,0.38461538461538464,0.1,0.18181818181818182
84,change_sensitive,0.6,0.8705357142857143,0.12946428571428573,0.7948717948717948,0.4014080431763359,0.20512820512820518,0.23214285714285715,0.9130434782608695,0.38461538461538464,0.1,0.18181818181818182
84,change_sensitive,0.65,0.8616071428571429,0.13839285714285715,0.7979274611398963,0.4057842157842158,0.20207253886010368,0.24107142857142858,0.9125,0.4166666666666667,0.1,0.18181818181818182
84,change_sensitive,0.7,0.8526785714285714,0.14732142857142858,0.7958115183246073,0.4054678965893919,0.20418848167539272,0.25,0.9113924050632911,0.4166666666666667,0.1,0.18181818181818182
84,change_sensitive,0.75,0.8482142857142857,0.15178571428571427,0.8,0.41033549783549783,0.19999999999999996,0.2544642857142857,0.9113924050632911,0.45454545454545453,0.1,0.18181818181818182
84,change_sensitive,0.8,0.8482142857142857,0.15178571428571427,0.8,0.41033549783549783,0.19999999999999996,0.25892857142857145,0.9113924050632911,0.45454545454545453,0.1,0.18181818181818182
84,low_confidence_only,0.55,0.9866071428571429,0.013392857142857142,0.7963800904977375,0.3882857142857143,0.2036199095022625,0.22321428571428573,0.9230769230769231,0.3333333333333333,0.09090909090909091,0.15384615384615385
84,low_confidence_only,0.6,0.9642857142857143,0.03571428571428571,0.8009259259259259,0.39476918530052046,0.19907407407407407,0.23214285714285715,0.9322033898305084,0.3333333333333333,0.09090909090909091,0.15384615384615385
84,low_confidence_only,0.65,0.9464285714285714,0.05357142857142857,0.8066037735849056,0.38479853479853476,0.19339622641509435,0.24107142857142858,0.9318181818181818,0.38461538461538464,0.09090909090909091,0.08333333333333333
84,low_confidence_only,0.7,0.9330357142857143,0.06696428571428571,0.8086124401913876,0.3878978032181375,0.19138755980861244,0.25,0.9364161849710982,0.38461538461538464,0.09090909090909091,0.08333333333333333
84,low_confidence_only,0.75,0.9241071428571429,0.07589285714285714,0.8115942028985508,0.3925613244433469,0.18840579710144922,0.2544642857142857,0.936046511627907,0.4166666666666667,0.09090909090909091,0.08333333333333333
84,low_confidence_only,0.8,0.9196428571428571,0.08035714285714286,0.8155339805825242,0.3977272778252571,0.18446601941747576,0.25892857142857145,0.9415204678362573,0.4166666666666667,0.09090909090909091,0.08333333333333333
123,strict,0.55,0.7235023041474654,0.2764976958525346,0.8535031847133758,0.3183845029239766,0.14649681528662417,0.2764976958525346,0.9777777777777777,0.1,0.0,0.125
123,strict,0.6,0.7096774193548387,0.2903225806451613,0.8571428571428571,0.3189484126984127,0.1428571428571429,0.2903225806451613,0.9774436090225563,0.1,0.0,0.125
123,strict,0.65,0.7004608294930875,0.2995391705069124,0.8552631578947368,0.3186896135265701,0.14473684210526316,0.2995391705069124,0.9770992366412213,0.1,0.0,0.125
123,strict,0.7,0.6774193548387096,0.3225806451612903,0.8639455782312925,0.23345588235294118,0.13605442176870752,0.3225806451612903,0.9769230769230769,0.0,0.0,0.0
123,strict,0.75,0.663594470046083,0.33640552995391704,0.8680555555555556,0.2332089552238806,0.13194444444444442,0.33640552995391704,0.9765625,0.0,0.0,0.0
123,strict,0.8,0.663594470046083,0.33640552995391704,0.8680555555555556,0.2332089552238806,0.13194444444444442,0.33640552995391704,0.9765625,0.0,0.0,0.0
123,confidence_margin,0.55,0.9769585253456221,0.02304147465437788,0.7594339622641509,0.3671394141638858,0.24056603773584906,0.2764976958525346,0.9,0.1111111111111111,0.1,0.35714285714285715
123,confidence_margin,0.6,0.9585253456221198,0.041474654377880185,0.7644230769230769,0.373141186299081,0.23557692307692313,0.2903225806451613,0.9041916167664671,0.1111111111111111,0.1111111111111111,0.35714285714285715
123,confidence_margin,0.65,0.9400921658986175,0.059907834101382486,0.7647058823529411,0.3761500379874029,0.23529411764705888,0.2995391705069124,0.9079754601226994,0.1111111111111111,0.1111111111111111,0.35714285714285715
123,confidence_margin,0.7,0.9078341013824884,0.09216589861751152,0.7766497461928934,0.3581118881118881,0.2233502538071066,0.3225806451612903,0.9130434782608695,0.06666666666666667,0.125,0.3076923076923077
123,confidence_margin,0.75,0.880184331797235,0.11981566820276497,0.7905759162303665,0.37412775093934514,0.2094240837696335,0.33640552995391704,0.9235668789808917,0.07142857142857142,0.125,0.3333333333333333
123,confidence_margin,0.8,0.8663594470046083,0.1336405529953917,0.7978723404255319,0.38051965642376046,0.2021276595744681,0.33640552995391704,0.9290322580645162,0.07692307692307693,0.125,0.3333333333333333
123,change_sensitive,0.55,0.8663594470046083,0.1336405529953917,0.7446808510638298,0.36961234343984406,0.25531914893617025,0.2764976958525346,0.868421052631579,0.125,0.14285714285714285,0.38461538461538464
123,change_sensitive,0.6,0.8525345622119815,0.14746543778801843,0.745945945945946,0.3731296441425752,0.254054054054054,0.2903225806451613,0.8666666666666667,0.125,0.16666666666666666,0.38461538461538464
123,change_sensitive,0.65,0.8433179723502304,0.15668202764976957,0.7431693989071039,0.37270445941704916,0.2568306010928961,0.2995391705069124,0.8648648648648649,0.125,0.16666666666666666,0.38461538461538464
123,change_sensitive,0.7,0.8294930875576036,0.17050691244239632,0.75,0.37901701455983466,0.25,0.3225806451612903,0.8639455782312925,0.13333333333333333,0.2,0.38461538461538464
123,change_sensitive,0.75,0.8202764976958525,0.17972350230414746,0.7471910112359551,0.37859207678286627,0.2528089887640449,0.33640552995391704,0.8620689655172413,0.13333333333333333,0.2,0.38461538461538464
123,change_sensitive,0.8,0.8202764976958525,0.17972350230414746,0.7471910112359551,0.37859207678286627,0.2528089887640449,0.33640552995391704,0.8620689655172413,0.13333333333333333,0.2,0.38461538461538464
123,low_confidence_only,0.55,0.9769585253456221,0.02304147465437788,0.7594339622641509,0.3671394141638858,0.24056603773584906,0.2764976958525346,0.9,0.1111111111111111,0.1,0.35714285714285715
123,low_confidence_only,0.6,0.9585253456221198,0.041474654377880185,0.7644230769230769,0.373141186299081,0.23557692307692313,0.2903225806451613,0.9041916167664671,0.1111111111111111,0.1111111111111111,0.35714285714285715
123,low_confidence_only,0.65,0.9400921658986175,0.059907834101382486,0.7647058823529411,0.3761500379874029,0.23529411764705888,0.2995391705069124,0.9079754601226994,0.1111111111111111,0.1111111111111111,0.35714285714285715
123,low_confidence_only,0.7,0.9078341013824884,0.09216589861751152,0.7766497461928934,0.3581118881118881,0.2233502538071066,0.3225806451612903,0.9130434782608695,0.06666666666666667,0.125,0.3076923076923077
123,low_confidence_only,0.75,0.880184331797235,0.11981566820276497,0.7905759162303665,0.37412775093934514,0.2094240837696335,0.33640552995391704,0.9235668789808917,0.07142857142857142,0.125,0.3333333333333333
123,low_confidence_only,0.8,0.8663594470046083,0.1336405529953917,0.7978723404255319,0.38051965642376046,0.2021276595744681,0.33640552995391704,0.9290322580645162,0.07692307692307693,0.125,0.3333333333333333
